{

    "config": {
        "name": "Files",
        "namespace": "files"
    },

    "navigation": {
        "button": "cloud-upload",
        "route": "files",
        "classNames": "files"
    },

    "settings": {
        "thumbnail" : {
          "value": "200",
          "type": "text"
        },
        "smallPic" : {
          "value": "800",
          "type": "text"
        },
        "bigPic" : {
          "value": "1800",
          "type": "text"
        },
        "quality" : {
          "value": "85",
          "type": "range",
          "min": 1,
          "max": 100,
          "step": 1
        }
    }
}