{
	"name": "General",
	"author": "dnilabs e.U",
	"version":"0.0.1",
	"config": {
	    "name": "General",
    	"namespace": "publish"
    },
    "navigation": {
	    "button": "off",
	    "route": "logout",
	    "classNames": "logout"
    },
    "settings": {
		"domain" : {
	      "value": "localhost",
	      "type": "text"
		},
		"development" : {
	      "type": "header"
		},
		"backend_development" : {
	      "value": true,
	      "type": "checkbox"
		},
		"frontend_development" : {
	      "value": false,
	      "type": "checkbox"
		}
	}
}