{ "__v" : 0, "_id" : { "$oid" : "53418e2ae1c83c6388000001" }, "data" : "<h4>About Us</h4>\n<p>Appropriately iterate intermandated architectures after vertical e-services. Seamlessly promote holistic convergence after clicks-and-mortar materials. Efficiently restore accurate e-services whereas cross-unit systems.</p>", "deleteable" : true, "key" : "about" }
{ "__v" : 0, "_id" : { "$oid" : "53418e32e1c83c6388000002" }, "data" : "<h4>Recent Posts</h4>\n<ul>\n<li>Appropriately iterate intermandated</li>\n<li>architectures after vertical e-services.</li>\n<li>Seamlessly promote holistic convergence</li>\n<li>after clicks-and-mortar materials.</li>\n<li>Efficiently restore accurate e-services</li>\n<li>whereas cross-unit systems.</li>\n</ul>", "deleteable" : true, "key" : "footer_col1" }
{ "__v" : 0, "_id" : { "$oid" : "53418fc1f97342aa88000001" }, "data" : "<h1>Publish! Crossplattform App</h1>", "deleteable" : true, "key" : "logo" }
{ "__v" : 0, "_id" : { "$oid" : "53419086f97342aa88000002" }, "data" : "<h4>Twitter Widget</h4>\n<ul>\n<li>Appropriately iterate intermandated</li>\n<li>architectures after vertical e-services.</li>\n<li>Seamlessly promote holistic convergence</li>\n<li>after clicks-and-mortar materials.</li>\n<li>Efficiently restore accurate e-services</li>\n<li>whereas cross-unit systems.</li>\n</ul>", "deleteable" : true, "key" : "footer_col2" }
{ "__v" : 0, "_id" : { "$oid" : "53419095f97342aa88000003" }, "data" : "<h4>Social Share</h4>\n<ul>\n<li>Appropriately iterate intermandated</li>\n<li>architectures after vertical e-services.</li>\n<li>Seamlessly promote holistic convergence</li>\n<li>after clicks-and-mortar materials.</li>\n<li>Efficiently restore accurate e-services</li>\n<li>whereas cross-unit systems.</li>\n</ul>", "deleteable" : true, "key" : "footer_col3" }
{ "__v" : 0, "_id" : { "$oid" : "534190b0f97342aa88000004" }, "data" : "<h4>About</h4>\n<ul>\n<li>Appropriately iterate intermandated</li>\n<li>architectures after vertical e-services.</li>\n<li>Seamlessly promote holistic convergence</li>\n<li>after clicks-and-mortar materials.</li>\n<li>Efficiently restore accurate e-services</li>\n<li>whereas cross-unit systems.</li>\n</ul>", "deleteable" : true, "key" : "footer_col4" }
{ "__v" : 0, "_id" : { "$oid" : "534190d4f97342aa88000005" }, "data" : "<p>by dnilabs,&nbsp;<a href=\"http://www.dnilabs.com\" target=\"_blank\">www.dnilabs.com</a></p>", "deleteable" : true, "key" : "footer_bottom" }
{ "__v" : 0, "_id" : { "$oid" : "53419109f97342aa88000006" }, "data" : "<h4>Categories</h4>\n<ul>\n<li><a href=\"#\">Show all</a></li>\n<li><a href=\"#category/Interactive\">Interactive</a></li>\n<li><a href=\"#category/Webdevelopment\">Webdevelopment</a></li>\n<li><a href=\"#category/Webdesign\">Webdesign</a></li>\n</ul>", "deleteable" : true, "key" : "categories" }
{ "__v" : 0, "_id" : { "$oid" : "5341924d8e4389ce88000001" }, "data" : "<h4>Archive</h4>\n<ul>\n<li><a href=\"#\">2014</a></li>\n<li><a href=\"#\">2015</a></li>\n<li><a href=\"#\">2016</a></li>\n</ul>", "deleteable" : true, "key" : "archive" }
{ "__v" : 0, "_id" : { "$oid" : "535f7dd2ff64d9520d000001" }, "data" : "<h3>Publish!</h3>\n<p>Realtime online creating magazines on the fly for all devices.<br /><br /></p>", "deleteable" : true, "key" : "info" }
