{
	"en": {
		"CLOSE" : "Close",
		"SHELF_NAVIGATION_TITLE" : "Baker Shelf",
		"PRODUCTS_REQUEST_FAILED_TITLE" : "Failure connecting to the App Store",
		"INFO_BUTTON_TEXT" : "Info",
		"SUBSCRIBE_BUTTON_TEXT" : "Subscribe",
		"SUBSCRIBE_BUTTON_DISABLED_TEXT" : "Subscribing...",
		"SUBSCRIBE_BUTTON_SUBSCRIBED_TEXT" : "Subscribed",
		"SUBSCRIPTIONS_SHEET_FREE" : "Subscribe for free",
		"SUBSCRIPTIONS_SHEET_RESTORE" : "Restore purchases",
		"SUBSCRIPTIONS_SHEET_GENERIC" : "Subscription options",
		"SUBSCRIPTIONS_SHEET_SUBSCRIBED" : "You are subscribed",
		"SUBSCRIPTIONS_SHEET_NOT_SUBSCRIBED" : "You are not subscribed",
		"SUBSCRIPTION_SUCCESSFUL_TITLE" : "Subscribed successfully",
		"SUBSCRIPTION_SUCCESSFUL_MESSAGE" : "You have successfully subscribed",
		"SUBSCRIPTION_FAILED_TITLE" : "Subscription failure",
		"ISSUE_PURCHASE_SUCCESSFUL_TITLE" : "Purchase successful",
		"ISSUE_PURCHASE_SUCCESSFUL_MESSAGE" : "You have successfully purchased %@",
		"ISSUE_PURCHASE_FAILED_TITLE" : "Purchase failure",
		"RESTORE_FAILED_TITLE" : "Restore failure",
		"RESTORED_ISSUE_NOT_RECOGNISED_TITLE" : "Some issues could not be restored",
		"RESTORED_ISSUE_NOT_RECOGNISED_MESSAGE" : "The following product IDs are not defined and the corresponding issues could not be restored:\n%@.\n\nContact the app creator for more info.",
		"DOWNLOAD_FAILED_TITLE" : "Download failed",
		"DOWNLOAD_FAILED_MESSAGE" : "The issue could not be downloaded",
		"UNZIP_FAILED_TITLE" : "Opening failed",
		"UNZIP_FAILED_MESSAGE" : "The issue could not be opened",
		"INTERNET_CONNECTION_UNAVAILABLE_TITLE" : "No Internet Connection",
		"INTERNET_CONNECTION_UNAVAILABLE_MESSAGE" : "An Internet connection is unavailable. Some features of this application require an active connection.",
		"INTERNET_CONNECTION_UNAVAILABLE_CLOSE" : "OK",
		"ACTION_REMOTE_TEXT" : "DOWNLOAD",
		"ACTION_DOWNLOADED_TEXT" : "READ",
		"ACTION_BUY_TEXT" : "BUY",
		"ARCHIVE_TEXT" : "ARCHIVE",
		"CONNECTING_TEXT" : "CONNECTING...",
		"DOWNLOADING_TEXT" : "DOWNLOADING ...",
		"OPENING_TEXT" : "Loading...",
		"BUYING_TEXT" : "BUYING...",
		"RETRIEVING_TEXT" : "UPDATING PRICE...",
		"FREE_TEXT" : "FREE",
		"PURCHASED_TEXT" : "PURCHASED",
		"ARCHIVE_ALERT_TITLE" : "Are you sure you want to archive this issue?",
		"ARCHIVE_ALERT_MESSAGE" : "This issue will be removed from your device. You may download it at anytime for free.",
		"ARCHIVE_ALERT_BUTTON_CANCEL" : "Cancel",
		"ARCHIVE_ALERT_BUTTON_OK" : "Archive",
		"MAILTO_ALERT_TITLE" : "Failure",
		"MAILTO_ALERT_MESSAGE" : "Your device doesn't support the sending of emails!",
		"MAILTO_ALERT_CLOSE" : "OK",
		"WEB_MODAL_FAILURE_MESSAGE" : "Unable to connect.",
		"WEB_MODAL_CLOSE_BUTTON_TEXT" : "Back",
		"TRANSACTION_RECORDING_FAILED_TITLE" : "Could not confirm purchase with remote server",
		"TRANSACTION_RECORDING_FAILED_MESSAGE" : "The operation will be retried until it is successful",
		"ISSUE_OPENING_FAILED_TITLE" : "Could not open issue",
		"ISSUE_OPENING_FAILED_MESSAGE" : "There was an error opening this issue. Try downloading it again or contact the publisher."
	},
	"de": {
		"CLOSE" : "Close",
		"SHELF_NAVIGATION_TITLE" : "Baker Shelf",
		"PRODUCTS_REQUEST_FAILED_TITLE" : "Es konnte keine Verbindung mit dem App Store hergestellt werden",
		"INFO_BUTTON_TEXT" : "Info",
		"SUBSCRIBE_BUTTON_TEXT" : "Abbonieren",
		"SUBSCRIBE_BUTTON_DISABLED_TEXT" : "Abboniere...",
		"SUBSCRIBE_BUTTON_SUBSCRIBED_TEXT" : "Abboniert",
		"SUBSCRIPTIONS_SHEET_FREE" : "Gratis Abonieren",
		"SUBSCRIPTIONS_SHEET_RESTORE" : "Wiederherstellen der Käufe",
		"SUBSCRIPTIONS_SHEET_GENERIC" : "Abbonier Einstellungen",
		"SUBSCRIPTIONS_SHEET_SUBSCRIBED" : "Du bist Abonnent",
		"SUBSCRIPTIONS_SHEET_NOT_SUBSCRIBED" : "Du bist kein Abonnent",
		"SUBSCRIPTION_SUCCESSFUL_TITLE" : "Abbonieren erfolgreich abgeschlossen",
		"SUBSCRIPTION_SUCCESSFUL_MESSAGE" : "Du hast es Abboniert",
		"SUBSCRIPTION_FAILED_TITLE" : "Abbonieren fehlgeschlagen",
		"ISSUE_PURCHASE_SUCCESSFUL_TITLE" : "Bezahlung erfolgreich",
		"ISSUE_PURCHASE_SUCCESSFUL_MESSAGE" : "Du hast %@ bezahlt",
		"ISSUE_PURCHASE_FAILED_TITLE" : "Bezahlung fehlgeschlagen",
		"RESTORE_FAILED_TITLE" : "Wiederherstellung fehlgeschlagen",
		"RESTORED_ISSUE_NOT_RECOGNISED_TITLE" : "Einige Ausgaben konnte nicht wiederhergestellt werden",
		"RESTORED_ISSUE_NOT_RECOGNISED_MESSAGE" : "Die folgenden Produkt IDs sind nicht definiert, darum konnten die folgende Ausgabe nicht wiederhergestellt werden:\n%@.\n\nBitte kontaktieren sie den Herausgeber",
		"DOWNLOAD_FAILED_TITLE" : "Download fehlgeschlagen",
		"DOWNLOAD_FAILED_MESSAGE" : "Ausgabe konnte nicht Heruntergeladen werden",
		"UNZIP_FAILED_TITLE" : "Fehler beim öffnen",
		"UNZIP_FAILED_MESSAGE" : "Ausgabe konnte nicht geöffnet werden",
		"INTERNET_CONNECTION_UNAVAILABLE_TITLE" : "Keine Internetverbindung!",
		"INTERNET_CONNECTION_UNAVAILABLE_MESSAGE" : "Keine Internetverbindung! Um den vollen Funktionsumfang nützen zu können benötigen sie eine Internet Verbindung",
		"INTERNET_CONNECTION_UNAVAILABLE_CLOSE" : "OK",
		"ACTION_REMOTE_TEXT" : "DOWNLOAD",
		"ACTION_DOWNLOADED_TEXT" : "LESEN",
		"ACTION_BUY_TEXT" : "KAUFEN",
		"ARCHIVE_TEXT" : "ARCHIVIERE",
		"CONNECTING_TEXT" : "VERBINDE...",
		"DOWNLOADING_TEXT" : "DOWNLOADING ...",
		"OPENING_TEXT" : "Lade...",
		"BUYING_TEXT" : "KAUFE...",
		"RETRIEVING_TEXT" : "AKTUALISIERE PREIS...",
		"FREE_TEXT" : "FREI",
		"PURCHASED_TEXT" : "GEKAUFT",
		"ARCHIVE_ALERT_TITLE" : "Bist du sicher das du diese Ausgabe Archivieren willst?",
		"ARCHIVE_ALERT_MESSAGE" : "Diese Ausgabe wird von diesem Gerät entfernt. Du hast aber die möglichkeit es jederzeit wieder gratis herunterzuladen",
		"ARCHIVE_ALERT_BUTTON_CANCEL" : "Cancel",
		"ARCHIVE_ALERT_BUTTON_OK" : "Archiv",
		"MAILTO_ALERT_TITLE" : "Fehler",
		"MAILTO_ALERT_MESSAGE" : "Dein Gerät kann keine Email's senden!",
		"MAILTO_ALERT_CLOSE" : "OK",
		"WEB_MODAL_FAILURE_MESSAGE" : "Konnte keine Verbindung aufbauen",
		"WEB_MODAL_CLOSE_BUTTON_TEXT" : "Zurück",
		"TRANSACTION_RECORDING_FAILED_TITLE" : "Kauf konnte vom Remoteerver nicht bestätigt werden",
		"TRANSACTION_RECORDING_FAILED_MESSAGE" : "Der Vorgang wird wiederholt, bis er erfolgreich ist",
		"ISSUE_OPENING_FAILED_TITLE" : "Konnte die Ausgabe leider nicht öffnen",
		"ISSUE_OPENING_FAILED_MESSAGE" : "Error beim öffnen der Ausgabe. Bitte wiederhole den Download oder kontaktieren den Herausgeber."
	},
	"fr" : {
		"CLOSE": "Fermer",
		"SHELF_NAVIGATION_TITLE" : "Bibliothèque Baker",
		"PRODUCTS_REQUEST_FAILED_TITLE" : "Erreur de connexion à l'App Store",
		"PRODUCTS_REQUEST_FAILED_CLOSE" : "Fermer",
		"INFO_BUTTON_TEXT" : "Info",
		"SUBSCRIBE_BUTTON_TEXT" : "S'abonner",
		"SUBSCRIBE_BUTTON_DISABLED_TEXT" : "Abonnement...",
		"SUBSCRIBE_BUTTON_SUBSCRIBED_TEXT" : "Abonné",
		"SUBSCRIPTIONS_SHEET_FREE" : "S'abonner gratuitement",
		"SUBSCRIPTIONS_SHEET_RESTORE" : "Restaurer les achats",
		"SUBSCRIPTIONS_SHEET_CLOSE" : "Fermer",
		"SUBSCRIPTIONS_SHEET_GENERIC" : "Options d'abonnement",
		"SUBSCRIPTIONS_SHEET_SUBSCRIBED" : "Vous êtes abonnés",
		"SUBSCRIPTIONS_SHEET_NOT_SUBSCRIBED" : "Vous n'êtes pas abonnés",
		"SUBSCRIPTION_SUCCESSFUL_TITLE" : "Abonnement effectué",
		"SUBSCRIPTION_SUCCESSFUL_MESSAGE" : "Vous êtes abonnés",
		"SUBSCRIPTION_SUCCESSFUL_CLOSE" : "Fermer",
		"SUBSCRIPTION_FAILED_TITLE" : "Echec de l'abonnement",
		"SUBSCRIPTION_FAILED_CLOSE" : "Close",
		"ISSUE_PURCHASE_SUCCESSFUL_TITLE" : "Achat effectué",
		"ISSUE_PURCHASE_SUCCESSFUL_MESSAGE" : "Vous avez acheté %@",
		"ISSUE_PURCHASE_SUCCESSFUL_CLOSE" : "Fermer",
		"ISSUE_PURCHASE_FAILED_TITLE" : "Echec de l'achat",
		"ISSUE_PURCHASE_FAILED_CLOSE" : "Fermer",
		"RESTORE_FAILED_TITLE" : "La restauration des achats a échouée",
		"RESTORE_FAILED_CLOSE" : "Fermer",

		"RESTORED_ISSUE_NOT_RECOGNISED_TITLE" : "Certaines publications n'ont pas pu être restaurées",
		"RESTORED_ISSUE_NOT_RECOGNISED_MESSAGE" : "Les identifiants des produits suivants ne sont pas définis et les publications correspondantes ne peuvent pas être restaurées:\n%@.\n\nContactez l'éditeur de l'application pour plus d'informations.",
		"RESTORED_ISSUE_NOT_RECOGNISED_CLOSE" : "Fermer",
		"DOWNLOAD_FAILED_TITLE" : "Le téléchargement a échoué",
		"DOWNLOAD_FAILED_MESSAGE" : "La publication n'a pas pu être téléchargée",
		"DOWNLOAD_FAILED_CLOSE" : "Fermer",

		"UNZIP_FAILED_TITLE" : "Erreur à l'ouverture",
		"UNZIP_FAILED_MESSAGE" : "La publication n'a pas pu être ouverte",
		"DOWNLOAD_FAILED_CLOSE" : "Fermer",

		"INTERNET_CONNECTION_UNAVAILABLE_TITLE" : "Pas de connexion internet",
		"INTERNET_CONNECTION_UNAVAILABLE_MESSAGE" : "La connexion internet n'est pas disponible. Certaines fonctionnalités de cette application nécessitent une connexion active.",
		"INTERNET_CONNECTION_UNAVAILABLE_CLOSE" : "OK",

		"ACTION_REMOTE_TEXT" : "TÉLÉCHARGER",
		"ACTION_DOWNLOADED_TEXT" : "LIRE",
		"ACTION_BUY_TEXT" : "BUY",
		"ARCHIVE_TEXT" : "ARCHIVER",
		"CONNECTING_TEXT" : "CONNEXION...",
		"DOWNLOADING_TEXT" : "TÉLÉCHARGEMENT ...",
		"OPENING_TEXT" : "Chargement...",
		"BUYING_TEXT" : "ACHAT EN COURS...",
		"RETRIEVING_TEXT" : "MISE À JOUR DU PRIX...",

		"FREE_TEXT" : "GRATUIT",
		"PURCHASED_TEXT" : "ACHETÉ",

		"ARCHIVE_ALERT_TITLE" : "Etes-vous sur de vouloir archiver cette publication?",
		"ARCHIVE_ALERT_MESSAGE" : "Cette publication va être supprimée de votre appareil. Vous pourrez la télécharger à tout moment gratuitement.",
		"ARCHIVE_ALERT_BUTTON_CANCEL" : "Annuler",
		"ARCHIVE_ALERT_BUTTON_OK" : "Archiver",

		"MAILTO_ALERT_TITLE" : "Erreur",
		"MAILTO_ALERT_MESSAGE" : "Votre appareil ne prend pas en charge l'envoi d'emails!",
		"MAILTO_ALERT_CLOSE" : "OK",

		"WEB_MODAL_FAILURE_MESSAGE" : "Impossible de se connecter.",
		"WEB_MODAL_CLOSE_BUTTON_TEXT" : "Fermer",

		"TRANSACTION_RECORDING_FAILED_TITLE" : "L'achat n'a pas pu être confirmé avec le serveur distant",
		"TRANSACTION_RECORDING_FAILED_MESSAGE" : "L'opération va être poursuivie jusqu'à son succès",
		"TRANSACTION_RECORDING_FAILED_CLOSE" : "Fermer",

		"ISSUE_OPENING_FAILED_TITLE" : "Echec de l'ouverture de la publication",
		"ISSUE_OPENING_FAILED_MESSAGE" : "Une erreur est survenue à l'ouverture de la publication. Essayez de la télécharger à nouveau ou contactez l'éditeur.",
		"ISSUE_OPENING_FAILED_CLOSE" : "Fermer"
	},
	"nl" : {
		"CLOSE": "Sluit",
		"SHELF_NAVIGATION_TITLE" : "Kiosk",
		"INFO_BUTTON_TEXT" : "Info",

		"PRODUCTS_REQUEST_FAILED_TITLE" : "Probleem met de verbinding met de App Store",
		"PRODUCTS_REQUEST_FAILED_CLOSE" : "Sluit",

		"SUBSCRIBE_BUTTON_TEXT" : "Abonneer",
		"SUBSCRIBE_BUTTON_DISABLED_TEXT" : "Bezig met abonneren...",
		"SUBSCRIBE_BUTTON_SUBSCRIBED_TEXT" : "Geabonneerd",

		"SUBSCRIPTIONS_SHEET_FREE" : "Gratis abonnement",
		"SUBSCRIPTIONS_SHEET_RESTORE" : "Herstel je aankopen",
		"SUBSCRIPTIONS_SHEET_CLOSE" : "Sluit",

		"SUBSCRIPTIONS_SHEET_GENERIC" : "Abonnementsopties",
		"SUBSCRIPTIONS_SHEET_SUBSCRIBED" : "Je bent geabonneerd",
		"SUBSCRIPTIONS_SHEET_NOT_SUBSCRIBED" : "Je bent niet geabonneerd",

		"SUBSCRIPTION_SUCCESSFUL_TITLE" : "Abonneren gelukt",
		"SUBSCRIPTION_SUCCESSFUL_MESSAGE" : "Je bent nu geabonneerd",
		"SUBSCRIPTION_SUCCESSFUL_CLOSE" : "Sluit",
		"SUBSCRIPTION_FAILED_TITLE" : "Abonneren mislukt",
		"SUBSCRIPTION_FAILED_CLOSE" : "Sluit",

		"ISSUE_PURCHASE_SUCCESSFUL_TITLE" : "Aankoop geslaagd",
		"ISSUE_PURCHASE_SUCCESSFUL_MESSAGE" : "Je hebt net een %@ gekocht",
		"ISSUE_PURCHASE_SUCCESSFUL_CLOSE" : "Sluit",
		"ISSUE_PURCHASE_FAILED_TITLE" : "Aankoop mislukt",
		"ISSUE_PURCHASE_FAILED_CLOSE" : "Sluit",

		"RESTORE_FAILED_TITLE" : "Herstellen mislukt",
		"RESTORE_FAILED_CLOSE" : "Sluit",

		"RESTORED_ISSUE_NOT_RECOGNISED_TITLE" : "Sommige nummers konden niet worden hersteld",
		"RESTORED_ISSUE_NOT_RECOGNISED_MESSAGE" : "De volgende product IDs bestaan niet en de volgende nummers konden niet worden hersteld:\n%@.\n\nNeem contact op met de maker van deze App",
		"RESTORED_ISSUE_NOT_RECOGNISED_CLOSE" : "Sluit",

		"DOWNLOAD_FAILED_TITLE" : "Downloaden mislukt",
		"DOWNLOAD_FAILED_MESSAGE" : "Dit nummer kon niet gedownload worden",
		"DOWNLOAD_FAILED_CLOSE" : "Sluit",

		"INTERNET_CONNECTION_UNAVAILABLE_TITLE" : "Geen internetverbinding",
		"INTERNET_CONNECTION_UNAVAILABLE_MESSAGE" : "Er is momenteel geen internetverbinding. Sommige onderdelen van deze App vereisen een internetverbinding.",
		"INTERNET_CONNECTION_UNAVAILABLE_CLOSE" : "OK",

		"ACTION_REMOTE_TEXT" : "DOWNLOAD",
		"ACTION_DOWNLOADED_TEXT" : "LEES",
		"ACTION_BUY_TEXT" : "KOOP",
		"ARCHIVE_TEXT" : "ARCHIVEER",
		"CONNECTING_TEXT" : "VERBINDEN...",
		"DOWNLOADING_TEXT" : "AAN HET DOWNLOADEN ...",
		"OPENING_TEXT" : "Aan het laden...",
		"BUYING_TEXT" : "BEZIG MET AANKOPEN...",
		"RETRIEVING_TEXT" : "PRIJS AAN HET BIJWERKEN...",

		"FREE_TEXT" : "GRATIS",
		"PURCHASED_TEXT" : "AANGEKOCHT",

		"ARCHIVE_ALERT_TITLE" : "Ben je zeker dat je dit nummer wil archiveren?",
		"ARCHIVE_ALERT_MESSAGE" : "Dit nummer zal verwijderd worden van dit toestel. Je kan het altijd later gratis downloaden.",
		"ARCHIVE_ALERT_BUTTON_CANCEL" : "Annuleer",
		"ARCHIVE_ALERT_BUTTON_OK" : "Archiveer",

		"MAILTO_ALERT_TITLE" : "Mislukt",
		"MAILTO_ALERT_MESSAGE" : "Jouw toestel kan geen emails verzenden!",
		"MAILTO_ALERT_CLOSE" : "OK",

		"WEB_MODAL_FAILURE_MESSAGE" : "Verbinding mislukt",
		"WEB_MODAL_CLOSE_BUTTON_TEXT" : "Terug",

		"TRANSACTION_RECORDING_FAILED_TITLE" : "De server kon de aankoop niet bevestigen",
		"TRANSACTION_RECORDING_FAILED_MESSAGE" : "We zullen deze bewerking herhalen tot ze lukt",
		"TRANSACTION_RECORDING_FAILED_CLOSE" : "Sluit",


		"UNZIP_FAILED_TITLE" : "Openen mislukt",
		"UNZIP_FAILED_MESSAGE" : "Het probleem kan niet worden geopend",

		"ISSUE_OPENING_FAILED_TITLE" : "Nummer openen mislukt",
		"ISSUE_OPENING_FAILED_MESSAGE" : "Er was een probleem bij het openen van dit nummer. Probeer het opnieuw te downloaden of contacteer de uitgever",
		"ISSUE_OPENING_FAILED_CLOSE" : "Sluit"
	}
}

