{
    "config": {
        "name": "Magazines",
        "namespace": "magazine"
    },
    "navigation": {
        "button": 0,
        "route": "magazines",
        "classNames": "magazines"
    },

    "settings": {
		"layouts" : {
          "description": "Comma seperated list of layout keys",
          "value": "default, fullsize",
          "type": "text"
        },
        "theme" : {
          "description": "Comma seperated list of theme keys",
          "value": "default",
          "type": "text"
        },
		"print" : {
	      "value": false,
	      "type": "checkbox"
		}
	}
}